vessel_id,vessel_name,imo_number,build_year,vessel_type,operator,insured_value,exposure_start_date,exposure_end_date,tonnage,length_m,cargo_type,voyage_count_year,risk_score,claims_past_5y,deductible_rate,premium_estimate,latitude,longitude
VSL-00001,Lee Ltd Mention,3887505,1993,LNG Carrier,Mills LLC,108932119.16,2021-10-19,2022-05-16,78601.59,273.3,Liquified Gas,31,14.28,0,0.01,233419.74,-46.224684,85.610595
VSL-00002,"Ortiz, Kane and Rivera Mrs",4554009,2014,Bulk Carrier,King and Sons,115313105.1,2022-01-06,2022-07-13,244240.22,104.92,Liquified Gas,11,12.35,3,0.02,244867.38,37.668213,34.876929
VSL-00003,Friedman-White Sit,9595640,1974,General Cargo,Rivera-Adkins,15909406.57,2020-12-05,2021-11-11,218957.39,277.52,General Cargo,2,25.6,3,0.1,35891.62,-13.029053,-147.195348
VSL-00004,"Gregory, Weeks and Boyd Enjoy",8699451,2012,General Cargo,Patrick LLC,9484897.39,2022-04-08,2022-08-27,264719.39,253.15,Dry Bulk,11,11.21,3,0.05,20033.05,-0.756291,-47.434188
VSL-00005,Flores-Campbell Look,1928138,1990,Bulk Carrier,Burgess-Gonzalez,162320269.85,2020-11-26,2021-06-02,17395.58,324.99,General Cargo,32,31.99,2,0.1,376566.79,24.635255,72.462769
VSL-00006,Fleming-Matthews Arm,2707155,1972,Offshore Support,Maddox Group,161763412.42,2024-01-08,2024-09-02,223388.87,91.78,General Cargo,12,6.73,2,0.01,334413.5,5.759616,115.017661
VSL-00007,Taylor-Hernandez Law,9393894,1999,General Cargo,Harrison Inc,174398276.97,2022-09-06,2023-04-11,117014.97,335.76,Liquified Gas,23,13.88,0,0.05,373003.03,44.567914,175.93151
VSL-00008,"Clark, West and Parker Land",7213133,1986,Tanker,Stevens-Walters,195669081.29,2022-12-03,2023-08-22,37376.48,275.81,Containers,8,8.28,2,0.01,407539.56,24.269178,-6.736706
VSL-00009,Thompson-Thornton Data,4940442,2003,Tanker,Lozano Ltd,92748381.26,2023-12-27,2024-07-09,239944.65,153.01,Liquified Gas,50,6.43,4,0.01,191460.48,-28.664104,-62.300688
VSL-00010,"Foley, Meyers and Haynes Boy",5511148,1997,Offshore Support,Martin-Richmond,199706503.5,2024-08-31,2025-01-10,17764.43,197.55,Chemicals,43,27.0,4,0.01,453333.76,4.981719,174.500527
VSL-00011,Wilkins LLC View,2718355,2022,Offshore Support,Cruz-Pitts,80780521.17,2024-05-23,2025-02-13,2094.58,79.69,Liquified Gas,23,21.71,0,0.01,179098.49,34.431539,-159.453179
VSL-00012,"Jackson, Clark and Conway Power",8174298,2019,Tanker,Stevens-Jones,68590163.5,2023-11-07,2024-03-30,122724.32,316.1,Dry Bulk,48,23.0,2,0.1,152956.06,51.502444,95.764625
VSL-00013,Jones-Sullivan Once,9406989,1994,LNG Carrier,Arnold-Turner,67704063.36,2022-06-11,2022-07-26,80284.94,140.37,Oil,47,10.0,4,0.01,142178.53,-44.49689,-117.557791
VSL-00014,"Oneill, Stevens and Wagner Themselves",9498179,2023,Chemical Tanker,Raymond-Lopez,47814701.92,2023-10-17,2024-06-13,200560.12,101.02,General Cargo,0,15.4,5,0.02,102992.87,48.924511,-144.253574
VSL-00015,"Hawkins, Gray and Burke Test",6825956,2007,Container,Pratt and Sons,107288481.95,2021-06-03,2022-04-20,285574.78,87.96,Chemicals,42,20.39,3,0.02,236453.09,27.950396,-177.327238
VSL-00016,"Drake, Morris and Jones Avoid",7605883,2023,RoRo,Austin Group,28270371.02,2023-07-01,2024-01-05,74294.87,293.34,Liquified Gas,45,18.0,0,0.02,61629.41,-25.436408,-6.426223
VSL-00017,"Strong, Lloyd and Miller Which",8159674,1997,General Cargo,"Vazquez, Vaughan and Johnson",19522478.81,2024-07-28,2024-12-26,168223.83,377.77,Chemicals,35,3.46,5,0.05,39720.44,-48.643888,-11.893461
VSL-00018,Parsons LLC Claim,1566720,1986,Bulk Carrier,Holland and Sons,52296156.19,2022-01-17,2022-06-30,42702.0,142.84,Dry Bulk,9,17.41,5,0.02,113697.07,42.098646,-14.63647
VSL-00019,"Fowler, Warren and Carter Middle",4600037,1972,Container,Peters Group,156020887.27,2022-12-16,2023-04-07,228826.42,156.9,Containers,35,22.2,3,0.01,346678.41,-32.556317,179.464404
VSL-00020,Barnett-Berg Race,2751611,2017,Bulk Carrier,Kelley-Williams,12966759.36,2021-04-15,2021-06-13,67321.85,301.24,Liquified Gas,44,15.48,1,0.1,27940.77,-35.668291,-146.834125
VSL-00021,Acevedo-Burns Respond,7548946,2013,Chemical Tanker,"Hawkins, Floyd and Baker",127748798.74,2023-05-16,2023-07-04,130376.96,384.69,Liquified Gas,21,21.03,0,0.1,282363.17,-37.93356,-4.489967
VSL-00022,Sawyer and Sons Republican,8874745,1973,Container,Kent-Taylor,33084898.08,2025-04-16,2026-01-29,52996.79,320.84,Dry Bulk,29,13.37,0,0.05,70593.25,-32.691113,-10.097017
VSL-00023,Green Inc Sure,9444682,1999,Tanker,"Williamson, Larson and Miller",129808556.39,2025-07-06,2025-10-27,160438.62,101.48,Containers,3,7.11,1,0.01,268846.5,26.867149,158.663503
VSL-00024,Chandler-Rios Ago,8119133,1991,General Cargo,Goodwin Ltd,120598680.87,2023-01-21,2023-04-21,294205.22,202.6,General Cargo,36,4.35,2,0.02,246443.4,-40.633686,154.817866
VSL-00025,Leach-Porter Out,2242229,1977,Bulk Carrier,Jones-Miller,32905573.89,2022-04-25,2022-09-20,106492.1,174.69,Dry Bulk,7,10.16,4,0.1,69154.35,49.534332,-7.578638
VSL-00026,"Benson, Beard and Benitez Thing",9781874,2008,RoRo,"Melendez, Bailey and Smith",175181409.24,2021-11-04,2022-03-15,161618.22,87.58,Containers,8,24.78,0,0.02,393772.77,-34.676002,64.712315
VSL-00027,Perez-Clayton Why,5554720,2003,RoRo,Alvarez-Conner,154468920.04,2023-12-21,2024-03-11,172750.52,173.58,Dry Bulk,6,45.85,4,0.01,379761.84,-2.00626,-123.052063
VSL-00028,Leach PLC The,6120575,1992,RoRo,Gonzalez Group,47593986.82,2021-06-16,2021-12-19,198812.72,60.72,Dry Bulk,21,27.33,5,0.05,108195.41,-25.955592,-164.276792
VSL-00029,"Pena, Hanna and Holland Soon",3905508,2017,LNG Carrier,"Kim, Faulkner and Andersen",129215367.16,2025-07-30,2026-07-17,163290.0,258.84,Containers,10,8.79,5,0.02,269788.77,-11.516802,-11.674216
VSL-00030,Johnson-Williams Push,2497543,1997,Offshore Support,Campbell-Torres,37711900.8,2025-10-16,2026-06-01,145889.43,84.76,Liquified Gas,27,21.93,4,0.02,83694.02,-50.368651,-21.403871
VSL-00031,"Jones, Glass and Evans Baby",8726985,1971,Chemical Tanker,Miller-Shannon,137624962.47,2022-07-12,2023-06-24,235169.45,207.93,Containers,33,39.07,0,0.1,329020.0,-44.242581,-82.071903
VSL-00032,Stokes PLC Experience,2546544,1976,General Cargo,Eaton-Thompson,73360202.38,2023-10-08,2024-01-27,265488.25,106.07,Liquified Gas,32,17.58,1,0.05,159617.13,-51.363207,110.188272
VSL-00033,Baker-Nguyen Local,3505405,1980,Chemical Tanker,Keith PLC,118155841.22,2022-11-21,2023-10-16,276249.0,379.22,Chemicals,31,39.78,4,0.1,283314.08,39.373183,60.012783
VSL-00034,Rowe-Collins Will,2894174,2000,RoRo,Hughes-Parker,167189397.89,2024-02-28,2024-04-25,264755.35,92.22,Containers,31,19.97,5,0.02,367766.52,-11.728921,141.239052
VSL-00035,Harrell Ltd Guy,6608042,1974,RoRo,"Lewis, Mckee and Hunt",69856009.22,2021-03-18,2021-10-01,78957.31,82.65,Liquified Gas,29,10.98,0,0.05,147382.21,-24.285,120.362135
VSL-00036,Wood-Woods Subject,6540566,1979,Tanker,Griffith-Garrett,101057263.77,2020-12-02,2021-02-16,64189.3,167.94,Containers,30,30.26,2,0.02,232694.46,-10.704496,-107.714199
VSL-00037,"Wright, Bullock and Yates Only",9678095,2003,LNG Carrier,Cooper Group,121724285.87,2025-11-15,2026-02-25,246754.57,281.11,Dry Bulk,17,13.03,3,0.1,259309.25,47.920901,-81.632959
VSL-00038,"Stafford, Paul and Friedman Still",5581991,1992,Bulk Carrier,Walker and Sons,198236932.77,2021-03-09,2021-11-24,259805.6,53.19,Oil,16,15.73,5,0.01,427656.54,2.965041,-89.675664
VSL-00039,Smith Inc Or,6013337,2001,Container,Evans and Sons,168705737.57,2022-10-16,2023-03-13,158652.15,279.94,Containers,40,1.43,3,0.05,339823.97,-33.158164,-6.149307
VSL-00040,Ayala-Thomas Right,4591145,1984,General Cargo,"Kane, Anderson and Hardy",123254812.18,2022-10-15,2023-02-10,29103.31,201.25,Dry Bulk,27,13.03,0,0.01,262569.73,6.850747,49.210481
VSL-00041,Spence-Wilkins Skill,5462065,1998,RoRo,"Schwartz, King and Flynn",31497794.29,2021-01-09,2021-08-20,169918.32,89.06,Chemicals,18,4.74,1,0.02,64488.58,16.265597,151.920178
VSL-00042,Watson-Good Contain,3035071,1985,Chemical Tanker,"Craig, Cline and Beard",109522264.86,2022-12-06,2023-04-25,96853.86,297.85,Chemicals,11,18.2,2,0.05,238977.58,-21.378236,-16.792901
VSL-00043,Smith-Mata Brother,6329759,2013,Chemical Tanker,Tucker and Sons,91275236.02,2021-05-31,2022-02-23,99006.48,220.97,Containers,9,29.24,4,0.02,209239.35,-17.065973,162.059157
VSL-00044,"Mckinney, Barton and Barnes Challenge",2582525,2010,RoRo,"Hill, Mccarthy and Moore",136488407.17,2024-10-08,2025-05-07,299567.84,321.13,General Cargo,1,20.12,2,0.01,300438.28,59.55274,-178.062431
VSL-00045,Mcdaniel-Osborn Policy,6491958,2001,Offshore Support,Garcia Ltd,141842315.11,2024-12-04,2025-12-01,128210.94,140.59,Containers,7,6.39,5,0.1,292748.35,-46.725085,105.674178
VSL-00046,"Willis, Marquez and Greene Significant",9933864,2016,LNG Carrier,"Fields, Mckinney and Craig",194976767.73,2023-07-18,2023-10-06,189773.98,367.93,Dry Bulk,3,28.99,3,0.02,446477.3,9.017886,42.54844
VSL-00047,Miller-Carlson Various,2666113,2022,Chemical Tanker,Gonzalez Inc,21539199.63,2022-05-20,2022-12-10,274656.83,182.51,Oil,37,3.79,0,0.05,43894.73,-33.526398,-103.638521
VSL-00048,"Young, Young and Carter Manager",7503310,2019,Chemical Tanker,"Lee, Watkins and Mckinney",93210975.96,2023-01-28,2023-06-22,205078.34,171.72,Containers,35,12.07,1,0.1,197672.52,45.159823,-165.124072
VSL-00049,Collins and Sons Along,5864030,1987,Offshore Support,"Obrien, Ellis and Thomas",14507291.79,2021-12-09,2022-02-27,165897.16,301.8,Dry Bulk,35,2.31,5,0.05,29349.7,-39.471853,-8.927688
VSL-00050,Chapman and Sons Employee,7538809,1983,Bulk Carrier,Vance Group,119658739.46,2024-09-15,2025-05-12,263146.03,217.98,Dry Bulk,22,4.79,5,0.02,245049.13,-15.284771,153.115354
VSL-00051,Williams Inc Box,8795906,2001,Bulk Carrier,Ruiz and Sons,27496693.15,2022-11-26,2023-10-21,39314.4,95.99,Containers,12,25.6,3,0.1,62032.54,42.765848,-46.197815
VSL-00052,Nichols-Bauer Both,1831666,2008,Tanker,"Mann, Barber and Collins",164251946.2,2024-02-17,2024-11-18,294014.08,297.98,Oil,31,20.97,0,0.05,362947.53,-27.744153,-124.935912
VSL-00053,"Cabrera, Parker and Ross Prepare",7759664,1989,Offshore Support,"Edwards, Myers and Ross",42881082.24,2024-11-24,2025-11-11,169370.09,149.96,Chemicals,33,12.3,3,0.1,91036.54,11.810979,-161.217849
VSL-00054,Mcclure-Patrick These,4278154,2002,RoRo,"Pierce, Green and Benson",115095858.55,2024-04-06,2025-02-23,252158.02,143.62,Liquified Gas,50,7.73,0,0.1,239088.63,-21.858155,-47.174838
VSL-00055,Miller Group Commercial,5592442,1997,RoRo,"Gibson, Porter and Smith",163787290.11,2025-06-28,2026-04-10,215992.42,83.92,Dry Bulk,24,22.87,4,0.1,365032.73,59.691395,135.442546
VSL-00056,"Baker, Young and Smith Find",9423803,1998,General Cargo,Conrad Ltd,175575437.73,2025-03-27,2025-04-30,20948.22,284.92,Liquified Gas,2,28.46,1,0.05,401119.65,-20.515372,130.628926
VSL-00057,Morgan Ltd Team,1869859,2017,General Cargo,Williams Inc,195367315.41,2023-05-27,2023-07-05,13780.8,79.12,General Cargo,42,9.67,3,0.02,409626.65,2.56273,-93.991636
VSL-00058,Thomas LLC Decade,4869328,2021,General Cargo,Johnson Group,33741094.15,2021-01-19,2021-09-11,45184.71,55.13,Oil,36,12.47,1,0.1,71689.7,-12.523239,-172.768723
VSL-00059,"Rice, Burton and Garcia Establish",4221309,2006,Container,Rivera-Hawkins,83274222.89,2021-08-16,2021-12-06,199141.88,70.59,Oil,26,50.78,2,0.05,208835.1,24.092569,-96.366212
VSL-00060,"Underwood, Jordan and Moore Despite",6240906,2007,Chemical Tanker,Bonilla Ltd,92839775.87,2023-10-19,2024-02-06,47132.05,379.05,General Cargo,44,19.08,5,0.02,203393.38,40.99694,35.557514
VSL-00061,"Miller, Mathis and Olson Rise",6956384,1974,General Cargo,"Hutchinson, Bartlett and Mitchell",162931123.86,2021-10-02,2022-09-29,257014.46,264.78,General Cargo,43,35.17,1,0.1,383165.12,37.309857,81.40327
VSL-00062,Ali-Holmes Want,6351236,2018,General Cargo,Sullivan Inc,155899576.37,2025-11-14,2026-02-10,101228.53,126.04,Liquified Gas,23,40.61,4,0.1,375109.97,50.142557,-141.36679
VSL-00063,"Smith, Lewis and Scott They",3166331,1981,Container,Rodriguez-Booker,7113752.97,2022-04-01,2022-07-29,43843.06,196.78,General Cargo,43,9.68,2,0.01,14916.12,-27.471355,-90.043784
VSL-00064,Klein Group Wind,6928439,1992,LNG Carrier,Campbell-Hull,25210620.61,2025-05-22,2025-10-05,98090.09,324.55,Chemicals,49,37.36,0,0.1,59839.93,5.763674,170.419854
VSL-00065,Drake LLC Government,4932139,2022,Offshore Support,"Miller, Miller and Mccoy",93432665.65,2023-12-12,2024-01-26,22187.41,109.89,Containers,28,2.55,4,0.05,189247.86,8.502201,-11.079168
VSL-00066,Bradford LLC Decade,5104592,1984,Chemical Tanker,"Leblanc, Rogers and Davis",169061411.04,2023-08-31,2023-10-03,125541.18,156.36,Oil,42,20.5,3,0.01,372780.41,-53.717885,165.476225
VSL-00067,Rowe LLC Though,5827673,1991,Bulk Carrier,Keller-Allen,63978905.62,2023-04-14,2023-11-20,106054.1,384.32,Containers,13,21.54,0,0.02,141738.87,50.063614,108.052006
VSL-00068,"Glass, Ross and Chen There",7002730,2012,Tanker,Obrien Inc,121872771.56,2022-03-25,2022-12-04,195004.22,194.22,Chemicals,24,24.02,3,0.02,273019.38,4.302105,-140.511531
VSL-00069,Wright Ltd Guess,5954842,1997,General Cargo,"Welch, Sloan and Adams",95022224.61,2023-08-30,2024-01-20,188621.51,184.65,General Cargo,27,13.77,3,0.02,203129.01,2.097136,108.871081
VSL-00070,"Smith, Mccoy and Hall Physical",4215555,1988,Container,Allen Group,118568053.91,2021-08-29,2022-02-26,118798.31,159.19,Oil,39,11.23,2,0.1,250451.3,-53.471741,18.9561
VSL-00071,Weaver-Curry Almost,4145630,1983,Tanker,Wilson-Randall,28988694.21,2022-11-11,2023-03-15,255443.34,258.83,Oil,5,17.59,0,0.1,63076.5,34.864138,117.823439
VSL-00072,Malone-Park Professor,3621482,2010,Container,"Freeman, Franklin and Hill",69033547.6,2021-07-31,2022-05-16,291763.42,248.15,General Cargo,19,10.94,1,0.01,145619.37,-41.360426,-163.266772
VSL-00073,Flores PLC Dinner,7451241,2002,LNG Carrier,Brown-Pineda,34725730.69,2023-12-18,2024-07-06,163749.04,375.3,Oil,7,28.22,2,0.05,79251.06,25.36484,-122.725281
VSL-00074,"King, Kelly and Hunt Per",3457949,1985,Chemical Tanker,Meyer-Roberts,87004191.38,2024-06-26,2024-08-03,35696.72,307.87,Containers,35,24.33,1,0.02,195176.5,26.184522,-132.046157
VSL-00075,"Graves, Young and Warren Culture",2558544,2018,Offshore Support,Yoder Group,72513657.68,2024-08-12,2025-01-05,92453.24,199.56,Liquified Gas,27,34.09,1,0.02,169747.22,-30.181107,59.025244
VSL-00076,Ellis-Nguyen Name,5185685,1990,Bulk Carrier,Alvarez Group,101411960.87,2022-12-22,2023-07-06,31423.72,64.04,Containers,32,9.44,0,0.02,212397.21,-16.301318,84.249939
VSL-00077,"Young, Bradley and Hines Blue",7628210,2018,Chemical Tanker,"Navarro, Simon and Montgomery",104261631.03,2023-01-06,2023-12-18,277050.51,146.96,Liquified Gas,39,44.91,2,0.05,255347.16,-34.551714,162.7032
VSL-00078,"Powell, Prince and Evans Door",5163849,1975,Chemical Tanker,"Wise, Wilson and Bailey",143873188.74,2025-05-30,2025-11-23,66105.6,237.43,Oil,33,16.09,4,0.05,310895.57,56.318669,60.238629
VSL-00079,Garza Group Kitchen,9277459,1975,Tanker,Simpson Inc,181141861.26,2023-11-08,2024-10-31,75147.47,344.44,Liquified Gas,0,21.13,3,0.01,400559.0,-16.367901,-135.764117
VSL-00080,Reed and Sons Article,8021552,2014,Container,Rodriguez-Greene,166304840.69,2024-05-30,2024-07-15,146372.99,145.06,Liquified Gas,14,4.39,0,0.01,339910.46,-51.058237,64.978286
VSL-00081,Reeves Inc Program,1641187,2022,LNG Carrier,"Hernandez, Fisher and Hale",68550628.21,2024-09-03,2024-10-30,238269.08,87.99,Liquified Gas,9,18.06,1,0.01,149481.5,-31.684325,59.071361
VSL-00082,Gomez Inc Event,9873794,2020,General Cargo,Rowe LLC,105009433.77,2025-09-11,2026-09-08,79648.96,318.75,Dry Bulk,23,18.52,3,0.02,229466.61,-40.977735,-126.020536
VSL-00083,Perez-Pena Still,6545512,2010,Tanker,"Walker, Higgins and Doyle",55071690.24,2024-04-30,2024-07-01,52866.55,154.92,Liquified Gas,8,16.09,2,0.05,119004.42,46.781906,-40.837768
VSL-00084,Horn-Manning Easy,8996759,2004,RoRo,Lopez-Brown,175093031.81,2024-10-05,2025-04-07,74665.34,256.97,Chemicals,33,3.46,2,0.1,356244.28,56.501281,-147.379222
VSL-00085,"George, Powell and Powell Must",9023506,1998,Tanker,Yates-Wheeler,137644072.98,2022-11-07,2023-07-09,166766.91,157.24,Oil,14,17.58,0,0.01,299485.97,-4.674067,-124.583998
VSL-00086,"Davis, Moore and Quinn Amount",3844037,2015,Tanker,Bailey-Greene,141463666.77,2023-06-18,2024-04-08,250009.74,79.62,Containers,1,10.35,2,0.01,297568.82,3.745128,139.996419
VSL-00087,"Short, Phillips and Thompson Sister",4506466,1987,General Cargo,"Garcia, Mason and Ruiz",149766058.25,2023-03-14,2023-08-26,118169.02,266.78,Chemicals,25,5.54,4,0.05,307829.16,-54.220667,-132.083781
VSL-00088,"Johnson, Berger and Parker Soon",7234260,1975,Offshore Support,Johnson Ltd,188682495.85,2023-11-21,2024-10-09,44286.47,163.87,Containers,42,28.82,5,0.02,431743.29,45.112869,-107.875438
VSL-00089,Tucker Ltd Product,8294409,2000,Bulk Carrier,Martinez-Williams,41862414.61,2022-10-06,2023-03-27,289286.6,75.55,Containers,17,29.58,3,0.01,96107.73,48.916919,-102.800558
VSL-00090,Todd-Kidd Should,9210347,1976,Container,Garrett Inc,22382365.12,2022-07-21,2022-10-04,139213.46,178.86,Oil,45,28.0,3,0.05,51031.79,-36.874599,-125.352176
VSL-00091,Acosta and Sons Subject,6452706,1974,Tanker,"Lowe, Sawyer and Sanchez",105128071.41,2022-04-14,2022-12-16,83638.46,181.65,Chemicals,38,19.02,0,0.02,230251.5,-49.799448,-58.097204
VSL-00092,Whitaker Group Receive,2666140,2020,Tanker,"Johnson, Dennis and Powell",94757901.14,2022-10-29,2023-01-21,234627.48,151.63,Dry Bulk,48,39.71,2,0.02,227144.16,-6.52992,-173.937919
VSL-00093,Jones Ltd Reflect,6168928,2015,LNG Carrier,"Snyder, Medina and Stone",113335827.9,2022-11-05,2023-05-28,156520.89,307.24,Liquified Gas,34,30.56,0,0.02,261307.08,8.223523,132.898943
VSL-00094,White-Crawford Become,3128030,1987,LNG Carrier,Jackson Ltd,100404036.61,2021-09-14,2022-08-06,229188.57,386.31,Chemicals,27,37.05,0,0.1,238007.77,-25.597976,133.748732
VSL-00095,"Gross, Hill and Cain Matter",7463448,2002,Bulk Carrier,Johnson PLC,187841739.91,2022-10-13,2023-09-03,185503.51,278.88,Liquified Gas,18,24.55,4,0.01,421798.63,16.011182,-3.946452
VSL-00096,Francis PLC Ever,5419034,2007,Container,Levine PLC,3511336.84,2023-04-25,2023-08-14,83123.23,90.86,Dry Bulk,38,21.76,4,0.05,7786.74,-26.690843,7.189836
VSL-00097,Mitchell Group Their,9968453,1987,Bulk Carrier,"Wong, Tucker and Russell",16284381.47,2025-05-30,2025-09-16,52331.58,150.66,Containers,10,2.33,3,0.1,32948.19,-56.588872,-177.661464
VSL-00098,"Garcia, Black and Braun Accept",5151469,1988,General Cargo,"Lopez, Clark and Martin",3241922.03,2021-10-20,2022-10-19,260281.41,231.03,Chemicals,23,55.29,1,0.01,8276.3,-59.076764,-126.733242
VSL-00099,"Waters, Salinas and Grant Watch",8890425,2012,LNG Carrier,Johnson-Fowler,57038748.43,2025-05-23,2025-09-16,186296.72,227.41,Containers,5,48.54,4,0.02,141764.11,15.076053,-16.053412
VSL-00100,"Thomas, Ross and Graham Certain",8662434,1998,Tanker,Harrington-Anderson,155331661.32,2022-11-21,2023-09-12,142016.28,379.28,Chemicals,12,3.95,1,0.1,316798.92,-40.354453,-47.93236
VSL-00101,Stevenson-Williams Discuss,2864715,2007,RoRo,Munoz-Rogers,88514528.17,2021-02-09,2021-08-23,65936.95,188.7,General Cargo,28,11.54,3,0.01,187243.63,-2.291667,-0.391237
VSL-00102,Clark and Sons Pass,5301360,2005,Tanker,Marshall-Wright,83944114.36,2021-10-10,2022-09-19,196984.27,265.13,Chemicals,26,4.73,5,0.1,171858.79,20.222054,-132.279078
VSL-00103,"Decker, Campbell and Reed Matter",3556044,1990,Container,Morrison-Simon,120685637.18,2023-08-03,2024-01-01,284167.0,72.32,General Cargo,47,6.55,0,0.02,249276.18,-0.794608,66.702086
VSL-00104,"Richardson, Turner and Johnson Assume",4266429,1982,RoRo,Pacheco-Sanchez,29530374.1,2025-03-22,2026-03-03,133042.88,377.95,General Cargo,22,9.15,0,0.05,61762.78,19.774846,19.962459
VSL-00105,"Wilson, Turner and Blevins Way",3191537,1985,Chemical Tanker,Ferrell-Harris,17657301.64,2025-08-29,2026-06-22,233317.95,94.03,Oil,12,44.22,5,0.01,43122.66,59.301298,5.965942
VSL-00106,Walton Inc Something,2305170,1973,LNG Carrier,Briggs PLC,188945164.67,2025-05-13,2026-02-26,28411.92,198.27,Dry Bulk,21,11.91,5,0.01,400393.7,56.61548,-137.157503
VSL-00107,Beard-Rowe Candidate,2752224,1987,LNG Carrier,Harris-Sanchez,110562759.7,2023-06-06,2023-09-18,159116.66,246.8,Containers,24,10.18,4,0.1,232380.81,22.052369,175.332893
VSL-00108,Ramirez Group Middle,1272509,1996,Tanker,"Graves, Hanson and Campbell",111044475.9,2023-02-12,2023-11-26,163898.74,255.33,Containers,43,22.87,0,0.02,247484.82,-14.346257,-77.923971
VSL-00109,"Carter, Crosby and Compton Through",5342014,1990,RoRo,Davis Group,151675034.37,2022-04-03,2022-11-10,15925.07,144.44,Liquified Gas,23,26.22,5,0.02,343119.26,27.986729,-54.853435
VSL-00110,Torres-Rice End,2283918,2001,Tanker,"Santiago, Jones and Pearson",168008493.01,2022-08-23,2023-04-25,97605.61,176.72,Dry Bulk,48,5.75,2,0.02,345677.47,16.203683,-43.456157
VSL-00111,Ayala and Sons Charge,2682596,1997,Offshore Support,"Villanueva, Schwartz and Nicholson",41019249.53,2021-05-12,2022-04-21,175220.26,266.0,Chemicals,5,9.32,4,0.05,85861.49,16.966206,156.913777
VSL-00112,Diaz-Gibson Teach,3077999,1996,General Cargo,Montoya-Lee,63200330.76,2025-02-28,2025-07-09,173974.95,215.23,Containers,5,42.92,1,0.01,153526.24,-57.043088,-30.792648
VSL-00113,Schmidt Inc Remain,3231582,2001,Bulk Carrier,Dixon-Scott,175188121.54,2021-10-19,2022-01-09,150903.81,110.06,Dry Bulk,18,19.51,5,0.05,384555.45,25.827285,113.211087
VSL-00114,Wilkinson LLC Step,4076143,1973,Bulk Carrier,"Walker, Garcia and Vasquez",73835424.69,2022-02-27,2022-06-04,237713.25,64.3,Chemicals,7,12.16,2,0.02,156649.24,-12.559142,-149.74145
VSL-00115,Neal LLC Event,4711935,1973,RoRo,"Pittman, Smith and Marshall",21241840.78,2022-07-17,2023-05-20,134598.97,325.38,Dry Bulk,31,43.01,5,0.05,51619.8,-43.396714,130.395673
VSL-00116,"Davila, Strong and Brady More",2428539,2002,Offshore Support,"Melton, Barnes and Pearson",69640556.67,2021-04-09,2021-12-29,243309.72,316.81,Dry Bulk,46,34.46,5,0.05,163279.25,-10.311738,-59.282201
VSL-00117,"Cobb, Adams and Harvey Window",8083612,2015,LNG Carrier,"Lopez, Hebert and Vargas",131153888.86,2022-08-19,2023-08-03,264041.24,118.97,Oil,1,2.69,4,0.1,265835.82,-25.307293,-111.015061
VSL-00118,Collins PLC Call,2249819,1987,Container,"Lynch, Henson and Harrell",24635698.22,2024-08-12,2025-07-18,4569.76,161.1,Oil,22,7.09,3,0.01,51018.07,-47.231043,73.493812
VSL-00119,Coleman-Yates Mouth,7186141,2003,Container,Rodriguez and Sons,9702666.05,2021-07-18,2022-07-08,163213.47,271.41,Liquified Gas,43,13.64,5,0.05,20728.78,34.098489,-104.394098
VSL-00120,Stone PLC Approach,9162697,1989,Bulk Carrier,Ramirez Inc,131986765.38,2025-02-01,2025-06-05,186394.44,217.21,Chemicals,2,16.23,1,0.1,285394.98,28.808969,-109.495092
VSL-00121,George LLC Most,6268341,1990,LNG Carrier,"Reed, Green and Richardson",156544798.69,2025-10-13,2026-03-21,231768.5,109.78,Liquified Gas,20,2.97,4,0.1,317738.98,-36.883909,-58.646611
VSL-00122,Garza-Erickson Including,1045055,1977,Container,Figueroa-Liu,107415559.3,2023-01-23,2023-11-15,72018.84,289.89,General Cargo,38,5.79,2,0.02,221050.48,-20.212413,-147.920414
VSL-00123,Ray Inc Turn,3077705,1998,Offshore Support,"Snyder, Mahoney and Anthony",79598345.13,2021-08-05,2022-02-24,54786.78,182.54,Chemicals,1,29.49,2,0.01,182670.24,-55.658759,-23.065533
VSL-00124,Gill and Sons Care,7692464,2018,General Cargo,Morrow-Lewis,109126699.29,2025-10-23,2026-07-03,142125.63,287.98,Liquified Gas,34,32.29,4,0.02,253490.41,18.431275,138.965778
VSL-00125,Scott Group Agency,7023482,1982,Bulk Carrier,Johnson LLC,28584019.43,2023-10-28,2023-12-25,94070.55,352.31,Chemicals,41,29.53,4,0.05,65608.9,-36.691655,28.248265
VSL-00126,Walker Ltd Series,4502637,1971,Chemical Tanker,Jarvis and Sons,164179037.45,2022-12-20,2023-02-03,32812.85,325.92,Containers,15,13.02,4,0.1,349734.19,41.599026,156.877378
VSL-00127,Reeves-Hale Others,3767709,1980,Chemical Tanker,Andrews-Wright,24815136.57,2023-08-17,2023-12-16,236140.11,374.86,Chemicals,0,19.1,1,0.05,54369.96,-5.346227,-53.22705
VSL-00128,"Michael, Crosby and Poole Success",8094885,1974,Tanker,Juarez Inc,57618458.57,2021-03-22,2021-05-31,83965.51,270.55,Chemicals,13,20.98,2,0.05,127325.27,44.74003,-24.885797
VSL-00129,Lee-James Third,6273171,2021,LNG Carrier,Martinez-Franco,101969245.61,2023-01-11,2024-01-03,295529.68,131.34,Oil,0,24.25,2,0.02,228666.03,-30.67661,-171.66479
VSL-00130,"Martinez, Thompson and Fuller Picture",3626737,2017,General Cargo,"Smith, Warner and Reyes",156957383.99,2022-11-07,2023-10-07,84909.16,146.8,Oil,9,15.38,1,0.01,338054.81,10.969762,-149.526429
VSL-00131,Richardson-Dawson Deal,4578196,1973,Offshore Support,Bates-Davidson,52004673.72,2024-09-08,2025-04-02,286085.66,284.59,Oil,10,19.98,4,0.02,114399.88,49.082433,19.639518
VSL-00132,"Mccarthy, Mejia and Weaver Everything",1010742,1974,RoRo,Wilson-Collier,168375313.18,2024-11-01,2025-03-24,276761.2,127.89,Dry Bulk,47,21.26,2,0.01,372547.22,39.002198,-130.131579
VSL-00133,Davis-Parker Wait,7291582,2018,LNG Carrier,Sexton and Sons,6792297.29,2021-03-09,2021-08-05,208216.27,157.92,Oil,32,37.56,5,0.05,16135.78,2.733231,173.137123
VSL-00134,Peterson Inc Lot,2701727,2005,Tanker,Gutierrez Inc,195660832.54,2021-11-28,2022-09-17,90411.57,356.0,Oil,5,13.81,5,0.05,418342.43,-37.834813,-73.757906
VSL-00135,Simon and Sons Medical,9473282,1986,Offshore Support,Novak LLC,32185651.76,2023-01-19,2023-11-30,37929.84,373.77,Containers,7,12.07,3,0.1,68256.11,5.301478,21.938639
VSL-00136,Collins Inc Agent,5841016,2005,Container,"Smith, Smith and Burns",147418412.27,2024-08-20,2025-04-18,39447.65,262.61,Containers,46,33.0,5,0.05,343484.9,10.674143,143.47114
VSL-00137,Nunez-Mejia He,3010792,2012,RoRo,Casey-Miller,101834147.26,2025-01-15,2025-12-29,110904.79,269.27,Liquified Gas,10,18.52,5,0.01,222527.98,-0.143464,36.332564
VSL-00138,Wong-Rogers Example,3607269,1981,Chemical Tanker,Barnett-Morris,136278571.45,2022-01-18,2022-10-10,20478.63,273.82,Containers,24,15.0,3,0.05,292998.93,39.378607,154.945775
VSL-00139,"Johnson, Harrison and Nelson Score",1183160,1991,LNG Carrier,Miller-Rodriguez,181845672.39,2021-05-20,2021-08-12,182336.95,387.35,Chemicals,44,38.74,3,0.02,434138.36,-1.394206,-65.976873
VSL-00140,"Gutierrez, Bird and Thomas Relate",3685553,2014,Tanker,"Palmer, Edwards and Blackwell",32148836.84,2025-01-30,2025-03-11,55894.75,229.98,Containers,34,16.4,5,0.01,69570.08,-13.34785,-78.223651
VSL-00141,Williams Ltd Heavy,9527771,1974,General Cargo,"Hernandez, Romero and James",92082170.8,2023-01-29,2024-01-01,138215.82,118.76,Oil,38,18.62,3,0.1,201310.04,45.906203,-104.500999
VSL-00142,"Campos, Cox and Jennings Mean",1991679,1984,Offshore Support,Myers-Williams,198243360.19,2023-07-14,2024-05-28,155693.94,378.98,Chemicals,36,17.17,0,0.01,430525.11,8.347898,165.570146
VSL-00143,Gonzales PLC Area,4598952,1974,RoRo,Gardner-Day,171697623.83,2025-02-08,2025-09-26,131764.49,384.23,Chemicals,28,27.3,3,0.05,390268.7,49.190738,-75.594935
VSL-00144,Bishop-Allen Never,7399086,1975,Tanker,Nelson and Sons,147201425.35,2023-01-21,2023-05-07,17561.04,221.98,General Cargo,0,49.59,2,0.01,367400.04,-48.543765,159.775256
VSL-00145,"Cordova, Collins and Rich Feeling",4924854,2018,General Cargo,Olson-Williams,187058232.82,2021-12-08,2022-04-23,271178.79,178.96,Dry Bulk,17,18.12,4,0.1,408011.42,-21.007198,112.798712
VSL-00146,"Spears, Kirk and Olsen Left",8099427,1994,Container,Glover and Sons,169956282.85,2023-02-09,2023-06-03,151387.78,354.45,Oil,4,6.82,2,0.1,351503.58,29.591057,35.6773
VSL-00147,Liu-Hunt Color,8104171,1979,RoRo,Francis Inc,141641858.81,2023-01-16,2023-10-08,70782.59,282.11,Oil,12,19.33,5,0.02,310663.09,-14.572738,-64.50565
VSL-00148,Sosa-Carpenter Player,5291072,1981,General Cargo,Allen-Sloan,165592869.38,2022-12-19,2023-09-24,187496.16,148.56,Containers,5,9.15,5,0.1,346337.49,33.392293,-65.05957
VSL-00149,Rowland-Brown Together,1371580,2010,LNG Carrier,"Garcia, Conrad and Lopez",188467223.78,2023-12-08,2024-02-28,157588.45,391.58,Liquified Gas,38,17.47,3,0.01,409859.67,-14.588534,-13.926778
VSL-00150,"Booth, Johnson and Perkins Artist",7584391,1978,Offshore Support,Smith and Sons,92845556.37,2022-09-22,2023-03-18,209095.17,221.41,Chemicals,6,1.8,1,0.1,187362.33,36.716472,60.324719
VSL-00151,"Yoder, Miles and Hunt Seem",6687559,2001,Container,Martin and Sons,62052290.85,2024-03-13,2024-04-16,191695.75,68.3,Dry Bulk,7,22.31,4,0.05,137948.45,-42.176438,30.329287
VSL-00152,Williams Group Effect,5570367,1990,Offshore Support,Miller-Henson,21072894.95,2025-08-15,2026-05-21,234866.12,91.17,General Cargo,29,14.65,5,0.01,45232.97,-22.532428,7.286029
VSL-00153,"Browning, Ramsey and Perez Yet",8580243,1974,Chemical Tanker,Lin-Austin,16219165.99,2021-11-28,2022-10-09,6919.51,99.8,Oil,37,11.69,5,0.05,34334.35,-0.148539,-43.361268
VSL-00154,Jones and Sons Wind,1395206,1978,LNG Carrier,Wilcox-Duncan,112736257.17,2021-05-09,2021-07-21,284684.94,321.87,Chemicals,45,19.64,0,0.02,247613.92,23.303731,154.246842
VSL-00155,Long Group Side,7507249,2007,Chemical Tanker,Khan Inc,117792524.38,2024-09-18,2025-01-14,295598.59,126.22,Liquified Gas,19,33.19,1,0.01,274680.39,49.064743,135.563642
VSL-00156,Ryan PLC Time,5938330,2011,LNG Carrier,"Maxwell, Fowler and Hicks",41637251.31,2024-06-23,2025-03-07,7298.61,389.66,Oil,3,1.82,2,0.05,84032.3,-44.800357,131.801505
VSL-00157,Garrett PLC Door,9484682,2002,LNG Carrier,"Chase, Greene and Beltran",24858285.16,2025-06-06,2026-04-11,286434.0,235.51,Oil,14,13.23,2,0.02,53005.32,-48.17016,-138.298092
VSL-00158,Strong Group National,1849341,1979,General Cargo,"Williams, Phillips and Hill",28025127.2,2022-01-14,2022-11-07,208346.34,75.61,Containers,28,15.76,0,0.01,60467.01,1.369294,-41.858774
VSL-00159,Cantu-Patel Interesting,4525065,1974,Tanker,West Group,66698237.8,2023-04-06,2023-06-17,26037.24,124.01,Oil,10,34.43,2,0.05,156360.68,-45.549068,34.061867
VSL-00160,"Richards, Jones and Kim South",6146795,2019,Tanker,Carter-Stark,130634219.12,2023-05-23,2023-10-27,70271.17,318.35,Dry Bulk,2,0.52,2,0.01,261947.74,-53.943243,24.568237
VSL-00161,"Pruitt, Marks and Adams Doctor",3170809,2000,Bulk Carrier,"Golden, Becker and Moore",68366792.98,2022-04-25,2023-04-11,280484.41,324.67,Oil,5,18.0,1,0.02,149039.61,40.413507,-29.662517
VSL-00162,Harris-Gates Police,7868428,2017,LNG Carrier,Chavez-Warner,5404948.05,2023-05-19,2024-01-03,262466.53,126.53,Liquified Gas,8,1.73,4,0.01,10903.4,18.627258,-11.313099
VSL-00163,Duke-Kane Family,5711633,2018,Chemical Tanker,"Cole, Gill and Villegas",194954317.55,2024-01-04,2024-10-19,157606.52,164.82,Chemicals,19,16.54,5,0.05,422154.08,49.099109,-79.715686
VSL-00164,Rodriguez and Sons Central,7250256,1989,Tanker,"Garza, Stevens and Gordon",146209407.16,2025-09-13,2026-09-10,214187.94,358.27,Liquified Gas,21,50.43,5,0.05,366152.22,27.420391,-96.382286
VSL-00165,Fisher PLC Clearly,5282874,2003,Chemical Tanker,Hampton Group,148169061.05,2025-03-26,2026-03-02,286907.48,55.17,Dry Bulk,11,15.2,0,0.01,318859.82,-38.778205,24.217863
VSL-00166,Jackson-Garcia Which,4956096,2014,RoRo,Nichols-Smith,114232481.9,2024-05-25,2025-01-06,152847.32,62.71,Oil,39,26.72,5,0.01,258987.88,57.032985,-42.493171
VSL-00167,Salinas-Hayden Ground,5895640,1998,RoRo,"Camacho, Barker and Ryan",71971445.98,2023-06-14,2024-05-27,60730.04,214.96,Oil,5,15.09,1,0.1,154803.38,-28.859913,-64.243326
VSL-00168,Wagner-Osborn Between,2950814,1993,Offshore Support,Rocha PLC,70028978.26,2020-12-08,2021-10-22,261655.44,178.81,General Cargo,0,27.18,2,0.01,159091.83,-54.184508,-55.795819
VSL-00169,"Humphrey, Garrett and Johnson Community",1231227,1999,Bulk Carrier,Flores-Cooper,135674740.83,2021-05-19,2022-04-18,235405.15,186.82,Containers,43,11.56,4,0.05,287033.48,12.468279,51.204239
VSL-00170,"Nguyen, Welch and Foster Into",1952436,2011,Container,Larson Inc,156599159.98,2021-07-26,2021-11-03,254629.84,87.69,Containers,15,33.55,0,0.1,365737.34,39.132116,-99.693535
VSL-00171,Preston PLC Wife,5317931,2020,Offshore Support,Pierce-Norris,155179574.82,2025-01-29,2025-06-05,115177.15,223.32,Dry Bulk,9,6.5,1,0.1,320445.82,38.75299,153.244104
VSL-00172,Baldwin PLC Can,3997307,1971,Container,Wilson-Gutierrez,46873888.48,2021-11-21,2022-03-22,22567.16,317.82,General Cargo,20,26.22,4,0.1,106038.11,41.582362,-88.053465
VSL-00173,Wallace-Simmons Yet,2360197,2021,Bulk Carrier,"Austin, Yang and Medina",98431854.85,2025-10-07,2026-03-31,285054.01,336.85,Dry Bulk,3,27.25,3,0.01,223686.39,26.952559,128.16955
VSL-00174,Anderson-Perez Onto,5011145,2014,Tanker,Vargas and Sons,122291079.04,2020-12-05,2021-04-30,298633.05,382.64,Containers,47,19.72,5,0.05,268697.96,18.453212,-21.744095
VSL-00175,Heath-Golden Spend,7091513,1997,General Cargo,"Johnson, Parrish and Bryan",164225907.37,2024-05-05,2024-06-05,160301.73,253.79,Dry Bulk,45,9.65,3,0.02,344299.61,43.319828,-28.537012
VSL-00176,Salazar Inc Realize,3348919,1973,Bulk Carrier,Aguilar-Hunt,126866222.4,2024-06-27,2024-11-12,270527.46,267.2,Dry Bulk,9,10.61,2,0.05,267192.95,53.031359,-132.971071
VSL-00177,"Sandoval, Martin and Strickland Some",6265733,1983,Tanker,"Young, Lindsey and Miller",137228915.01,2024-04-11,2024-07-06,235043.93,66.21,Containers,20,23.22,3,0.01,306322.38,52.389159,113.089938
VSL-00178,Ali LLC Lot,8573290,2017,Offshore Support,Wiley-Robertson,158572376.24,2022-10-13,2023-09-23,76025.04,134.88,Chemicals,19,1.23,2,0.02,319095.19,-51.96425,98.132056
VSL-00179,Boyle-Graham Bit,5494726,2023,Container,Watkins-Lawson,40915964.03,2022-08-23,2023-01-22,109715.0,259.88,Dry Bulk,18,16.14,0,0.02,88435.76,-3.193132,-138.457748
VSL-00180,Morrison Ltd Trade,6185320,2002,Offshore Support,Swanson PLC,164837714.7,2021-06-05,2021-08-04,55645.75,65.31,Chemicals,16,3.16,4,0.1,334884.3,-33.541987,45.076406
VSL-00181,"Garcia, Brooks and Sanchez Camera",9984628,1970,Bulk Carrier,Johnson-Pierce,164144246.49,2024-09-07,2025-05-19,97661.68,240.4,Dry Bulk,4,32.8,2,0.01,382127.81,57.79109,173.471262
VSL-00182,Mathis Group Beautiful,6991918,1991,Container,Smith Inc,154297143.21,2024-10-26,2024-11-25,294152.16,361.02,Liquified Gas,28,38.39,3,0.02,367828.96,28.161135,22.519165
VSL-00183,Cooper-Faulkner Event,5988633,1971,Container,Russell-Mcdaniel,8705895.48,2024-11-14,2025-04-15,82293.27,237.99,Oil,45,7.91,1,0.05,18100.43,-19.954054,-127.225166
VSL-00184,Reed-White Television,6968869,2022,General Cargo,"Gibson, Mcguire and Shelton",9217206.01,2022-09-13,2023-01-19,133108.6,184.67,Chemicals,22,11.77,3,0.05,19519.28,14.86868,-128.118813
VSL-00185,Powell-Woods Morning,1422465,2006,Offshore Support,Carpenter-Patton,75177548.08,2022-03-20,2022-12-29,256272.29,242.84,Oil,3,7.63,0,0.05,156091.14,42.792556,162.888039
VSL-00186,"Atkinson, Chen and Pena Member",3587006,1986,RoRo,Hall Group,80228497.32,2021-08-21,2021-12-03,64923.68,311.42,Oil,12,13.5,5,0.1,171287.84,-21.908627,-49.126734
VSL-00187,Hayes Ltd Price,8562181,1984,Tanker,"Vasquez, Bruce and Hickman",83338711.16,2024-04-11,2024-08-16,265357.62,240.08,Liquified Gas,49,17.4,4,0.05,181178.36,-19.086844,-9.008883
VSL-00188,Parrish Ltd Edge,7612387,2014,Container,"Roach, Miller and Jordan",54621346.57,2022-07-01,2022-12-28,103000.26,61.41,Dry Bulk,40,12.11,5,0.01,115857.34,-53.486785,46.848256
VSL-00189,Stevens-Smith American,7511893,1997,Chemical Tanker,"Estrada, Yates and Hill",153129933.31,2023-05-19,2024-03-01,84755.12,288.33,Oil,27,18.38,0,0.1,334405.15,-38.554915,144.391758
VSL-00190,Cardenas Ltd National,5716923,2012,LNG Carrier,Rasmussen-Shepherd,10345332.01,2024-07-05,2025-02-08,246116.52,113.18,Dry Bulk,0,16.56,4,0.01,22403.85,-58.836956,19.893431
VSL-00191,Richardson LLC Push,4476410,1978,Offshore Support,Tucker-Fernandez,63805351.42,2025-08-16,2025-09-15,120884.71,214.09,Dry Bulk,4,5.98,4,0.1,131426.26,45.434987,-145.314749
VSL-00192,"Hill, Brown and Lewis Big",8113004,1988,RoRo,"Young, Drake and Nguyen",173550764.23,2024-01-25,2024-12-07,228465.56,396.5,Liquified Gas,27,34.92,1,0.02,407705.46,16.365817,41.573438
VSL-00193,"Howard, Garza and Bryant Paper",2475326,2009,LNG Carrier,Jackson-Russell,63946983.0,2024-10-24,2025-07-01,286075.32,127.19,Containers,46,14.5,3,0.01,137166.28,23.82125,178.346382
VSL-00194,Herring and Sons View,7539364,1991,Tanker,Cooper-Franklin,128957562.42,2024-05-29,2024-07-30,224222.8,248.32,General Cargo,33,6.15,3,0.02,265846.01,53.69122,15.160766
VSL-00195,Harmon Group Media,4779919,1994,Tanker,Dickerson and Sons,78793519.68,2023-04-30,2024-03-18,25097.86,344.0,Dry Bulk,11,55.26,5,0.02,201128.34,11.048359,144.529294
VSL-00196,"Hughes, Rosales and Stevens Few",8438453,1971,General Cargo,"Blevins, Mccoy and Lewis",135288761.19,2021-09-20,2022-03-27,278769.17,327.73,General Cargo,43,9.38,3,0.02,283267.61,58.869157,77.487845
VSL-00197,Boone-Murphy Away,4489993,1984,Offshore Support,Roberts-Myers,115768818.09,2021-03-22,2021-05-06,81076.86,164.49,Containers,32,4.43,2,0.1,236666.19,-50.670334,86.927567
VSL-00198,Brooks Group Another,8342691,1970,Container,"Blackwell, Evans and Herman",27539488.0,2022-08-05,2023-06-07,111468.28,245.26,Containers,7,18.68,3,0.01,60223.35,-4.175715,141.175776
VSL-00199,Palmer Group Mention,7142761,1975,RoRo,Smith-Mcdonald,103227202.84,2023-03-20,2023-06-26,198639.65,97.09,Containers,27,4.28,4,0.1,210872.53,-36.801426,20.904282
VSL-00200,Dawson-Wilson Example,9710302,1986,General Cargo,Fisher-Lopez,170689874.31,2025-04-19,2025-05-27,97214.52,66.26,Chemicals,5,3.72,1,0.05,347729.41,-18.924774,-143.44578
VSL-00201,Dickerson Inc Long,8157096,1983,Bulk Carrier,"Lucas, Leonard and Foster",89457185.38,2025-03-13,2026-03-06,108786.08,359.79,Dry Bulk,8,45.38,0,0.05,219510.04,44.752843,37.144773
VSL-00202,Moore Ltd Collection,5485713,1997,Container,Holmes-Bailey,55043074.97,2022-03-18,2022-11-12,259392.09,160.13,Liquified Gas,32,8.82,0,0.1,114940.95,-2.413272,-166.237183
VSL-00203,"Thomas, Hill and Taylor High",3477674,1985,LNG Carrier,"Nguyen, Garcia and Moore",159892762.39,2024-10-16,2025-03-21,253393.61,276.62,Dry Bulk,14,7.42,5,0.01,331649.57,-25.570806,-152.974849
VSL-00204,Church-Snow Establish,7944554,2003,RoRo,Wood-Jackson,182679712.72,2021-08-03,2021-11-09,175124.32,175.73,Dry Bulk,47,22.91,1,0.1,407211.35,-56.36959,56.3206
VSL-00205,Brown-Phillips So,4567374,2011,RoRo,"Hull, Mccarthy and Lane",179771535.82,2022-08-25,2023-02-23,157743.15,99.02,General Cargo,16,19.56,0,0.05,394706.38,-49.423156,135.193753
VSL-00206,"Ford, Huffman and Gregory Program",7936379,1986,LNG Carrier,Collins-Flores,159783316.52,2024-03-09,2024-12-28,190192.38,251.74,General Cargo,36,25.01,2,0.01,359528.44,-21.509435,25.25221
VSL-00207,"Smith, Ray and Jackson Its",5110631,2002,Chemical Tanker,Bradford Inc,75311640.89,2021-04-28,2022-01-14,147595.54,105.83,Liquified Gas,48,10.11,2,0.01,158237.29,26.209443,-163.241656
VSL-00208,Olson-Allen Scientist,5760997,1989,Container,Wilson-Jones,176403372.59,2022-12-13,2023-09-06,294853.91,126.67,Dry Bulk,23,12.58,0,0.01,374998.29,-7.462485,101.57865
VSL-00209,"Knight, Fitzgerald and Hale Feeling",8252963,2009,Offshore Support,Rogers-Rivers,120898402.72,2021-04-17,2022-01-12,232055.29,110.19,Liquified Gas,8,9.16,5,0.1,252871.1,53.819486,43.301762
VSL-00210,Bright-Wells Professor,9707267,2011,Tanker,Brown PLC,27111899.32,2025-02-08,2025-04-14,298517.84,62.38,Oil,35,51.44,2,0.02,68170.16,51.769235,26.729757
VSL-00211,"Jenkins, Cox and Rodriguez Member",2511725,2014,LNG Carrier,"Ortiz, Martinez and Skinner",34958042.24,2021-03-25,2022-01-01,158822.01,223.84,General Cargo,16,21.95,0,0.01,77589.37,28.339479,-19.731818
VSL-00212,Wallace Ltd Its,6995641,1990,LNG Carrier,"Lopez, Henderson and Bowman",80568947.37,2022-12-28,2023-10-11,107800.28,100.48,Chemicals,31,30.34,5,0.01,185582.51,36.504671,-160.295879
VSL-00213,Jennings-Lee Reduce,1550585,1992,RoRo,Sloan-Goodman,188594213.33,2022-11-17,2023-10-14,60745.05,340.74,Oil,38,23.75,1,0.02,421979.55,-47.16524,-121.960181
VSL-00214,Gardner and Sons Push,1499710,2013,RoRo,Holmes-Molina,106004669.85,2024-04-02,2024-08-03,93891.05,215.79,Chemicals,46,29.77,3,0.02,243566.93,56.745432,-62.00314
VSL-00215,Porter LLC White,4534870,1973,Bulk Carrier,Williams LLC,190656198.18,2025-08-17,2025-12-31,133713.34,381.36,Dry Bulk,21,23.69,1,0.02,426478.85,53.74392,-68.955506
VSL-00216,Kline-Reyes Finally,2929289,1998,Chemical Tanker,"Garrett, Smith and Key",159400642.74,2021-10-13,2022-07-12,116939.2,296.26,General Cargo,0,47.79,2,0.05,394978.85,18.488527,112.827282
VSL-00217,Hall Ltd Bed,9973762,2013,Offshore Support,Martin Inc,168289353.15,2024-09-05,2025-05-10,216402.98,340.56,Chemicals,1,37.01,2,0.1,398862.6,-40.314177,112.370813
VSL-00218,"Jackson, Cain and Mitchell Take",1622498,1989,Bulk Carrier,Baxter-Ford,139191896.05,2022-10-18,2023-09-05,57011.36,213.43,Containers,43,5.57,5,0.01,286136.78,32.032409,58.481434
VSL-00219,"Santos, Carter and Lopez Hair",5403630,2018,Bulk Carrier,"Mahoney, Hale and Johnston",105111053.27,2022-09-28,2022-11-06,99951.3,242.67,Dry Bulk,7,22.35,3,0.02,233714.43,-27.649306,-31.450086
VSL-00220,"Rose, Norris and Rogers Occur",1377714,1970,Container,"Scott, Murphy and Oneal",41208250.97,2024-05-24,2025-03-14,109594.88,167.68,Dry Bulk,45,35.91,0,0.01,97214.38,31.254954,145.669713
VSL-00221,Jackson LLC Those,4588922,1993,RoRo,"Villarreal, Reeves and Caldwell",29693842.51,2024-03-18,2025-02-20,280591.66,343.94,Liquified Gas,46,4.82,0,0.01,60818.93,17.4999,-129.160981
VSL-00222,"Webster, Turner and Garza Kitchen",4867087,2014,Offshore Support,Curtis and Sons,57331426.94,2025-08-23,2026-03-30,291312.86,133.11,Containers,22,26.32,0,0.01,129752.49,-28.572293,132.005276
VSL-00223,Gregory Group Church,8252231,2012,LNG Carrier,Meyer Inc,102302572.69,2021-11-27,2022-07-18,84505.78,383.09,Chemicals,9,18.59,3,0.05,223623.19,-30.336293,131.393805
VSL-00224,Nguyen Group Rather,4004333,1995,Tanker,Rivers-Kane,92804192.51,2025-10-02,2026-05-22,62323.93,333.82,Liquified Gas,34,31.95,5,0.05,215259.32,-7.668381,-118.530125
VSL-00225,Mcdaniel-Bradshaw This,5041303,1999,Bulk Carrier,Wall and Sons,12204823.87,2022-07-01,2023-05-22,190772.35,386.14,Containers,12,39.45,3,0.1,29224.45,-28.511646,155.19188
VSL-00226,White-Carter Fish,2394548,2020,LNG Carrier,"Cooper, Brown and Compton",121222596.39,2025-08-26,2026-06-14,272842.34,350.11,Oil,37,40.97,1,0.05,292110.09,-14.70524,38.334068
VSL-00227,Burgess Ltd Board,5164695,1994,Offshore Support,"Norton, Dunlap and Bates",84273055.38,2022-11-28,2023-09-18,103839.5,71.57,Oil,11,36.04,3,0.01,198918.12,-45.237867,31.231635
VSL-00228,King Ltd Give,9565216,2022,Container,"Manning, Wilson and Lopez",193469766.02,2023-10-04,2024-06-05,215942.34,361.72,Containers,39,45.41,0,0.1,474794.15,-9.90124,-175.672995
VSL-00229,Black-Pitts While,4023672,1977,Chemical Tanker,Perez-Robinson,111080550.78,2024-02-07,2024-11-14,93824.66,82.95,Containers,10,45.32,4,0.1,272502.81,-20.929402,-171.235371
VSL-00230,Young PLC Power,1827349,1994,General Cargo,Brewer Inc,46739843.51,2023-04-29,2023-07-13,240447.37,220.31,Chemicals,30,16.81,2,0.01,101336.65,39.795164,106.519893
VSL-00231,Myers-Armstrong Present,8081908,1990,Offshore Support,Mejia-Simmons,164028596.24,2024-03-28,2025-02-25,147895.57,355.16,Chemicals,2,35.67,3,0.05,386566.19,8.033706,54.043088
VSL-00232,Jones-Daniels Arrive,2991035,2010,Offshore Support,Durham and Sons,173944355.86,2024-04-22,2025-01-18,263617.22,81.01,Chemicals,17,38.12,4,0.01,414196.3,4.156083,150.701304
VSL-00233,Rodriguez-Williams You,8086436,2010,Container,Willis-Morrison,122083899.31,2023-06-24,2024-05-21,180600.01,117.68,Containers,12,32.01,4,0.02,283246.85,-22.755275,93.214409
VSL-00234,"Sanchez, Johnson and Garcia Appear",8307356,2004,LNG Carrier,Williamson PLC,186532482.24,2023-12-14,2024-07-21,111951.88,97.99,General Cargo,49,10.52,1,0.05,392688.18,42.703174,117.421767
VSL-00235,"Holt, Mitchell and Reynolds Identify",6226425,1994,LNG Carrier,Terrell and Sons,12815011.9,2025-07-02,2025-11-10,204520.15,259.96,Chemicals,37,23.83,3,0.1,28683.84,-2.260795,8.416754
VSL-00236,Humphrey-Pittman Suggest,7578062,2020,Container,"Middleton, Horton and Townsend",179752874.9,2021-07-22,2022-02-02,111968.1,94.59,Oil,28,16.1,3,0.02,388445.96,-57.340774,-155.789477
VSL-00237,Preston-Burnett Must,5619525,2020,Chemical Tanker,Long PLC,159914704.36,2021-08-18,2022-02-22,197451.28,337.39,Chemicals,26,25.19,4,0.1,360111.92,-44.52005,-85.351657
VSL-00238,"Fletcher, Perez and Harris Force",4063791,1999,Tanker,Graham-Jackson,72606260.93,2024-06-15,2025-01-19,11469.91,89.78,Liquified Gas,50,34.43,0,0.05,170210.86,-36.128331,132.367811
VSL-00239,Diaz PLC Perform,3056357,1988,Tanker,"Reyes, Allison and Harris",183892312.87,2023-03-05,2023-11-30,291714.86,356.04,Oil,6,6.68,4,0.02,380068.63,6.628011,-36.145572
VSL-00240,"Jones, Jackson and Sweeney Natural",7066440,2016,Bulk Carrier,Morris Group,155923066.06,2021-03-18,2021-10-28,104624.38,117.67,General Cargo,44,14.9,3,0.05,335078.67,-16.319439,59.533198
VSL-00241,"Moon, Krueger and Stone Stock",7238731,2016,Bulk Carrier,Preston PLC,158882352.75,2023-04-16,2024-03-10,29588.99,271.65,Chemicals,50,12.92,0,0.02,338292.31,-52.649535,139.63692
VSL-00242,Patterson-Flowers Party,3294588,1993,Container,Gonzales LLC,6448113.47,2025-01-20,2025-05-09,254316.25,184.06,Containers,46,11.43,4,0.02,13633.25,48.488605,59.006561
VSL-00243,Ball LLC Manager,8524351,1999,Chemical Tanker,Drake Group,170231696.32,2023-08-12,2024-05-30,129514.27,190.74,Liquified Gas,19,11.41,3,0.01,359886.83,-35.274884,-123.654063
VSL-00244,Nixon Ltd Friend,8427921,2015,RoRo,Villegas LLC,195890123.0,2022-12-14,2023-09-04,107389.2,329.73,Dry Bulk,43,42.46,3,0.02,474955.19,-56.978493,-1.310805
VSL-00245,"Davis, Reese and Smith Short",9983878,2019,Offshore Support,"Meyer, Wallace and Morales",98769992.59,2021-08-18,2021-11-14,282268.58,329.33,Dry Bulk,27,26.67,3,0.02,223881.94,-9.287644,-93.845885
VSL-00246,Blake-Rogers Son,9577235,2003,Tanker,Edwards LLC,100723634.67,2024-12-25,2025-10-18,128370.2,174.22,Oil,22,6.55,2,0.05,208044.67,19.433778,111.779827
VSL-00247,Kelley PLC West,1307345,1986,Offshore Support,Ramirez-Mcfarland,197733562.4,2024-04-13,2024-12-05,5450.36,371.87,Chemicals,1,12.3,5,0.01,419788.35,-30.146685,-150.513414
VSL-00248,"Grant, Downs and Peterson Project",6053790,1984,RoRo,Roberts Group,22601617.95,2025-02-27,2025-06-23,199944.52,208.64,Liquified Gas,46,1.84,1,0.1,45619.11,44.367521,69.787075
VSL-00249,Welch-Reilly Never,3382260,2000,Chemical Tanker,Miller-Howard,175055342.42,2023-09-30,2023-11-09,101051.28,275.95,Dry Bulk,48,27.13,4,0.05,397603.2,-56.915523,-155.613713
VSL-00250,Leon Group Style,4038308,1973,Tanker,Burgess PLC,177452191.5,2024-06-28,2025-04-08,268662.18,144.2,Dry Bulk,19,24.88,4,0.01,399054.49,-21.665197,50.177359
VSL-00251,Hatfield-Barron Dark,7286640,1975,General Cargo,Duncan and Sons,5367201.8,2025-04-28,2026-02-13,1337.43,399.98,Dry Bulk,3,15.63,3,0.05,11573.3,31.561073,60.103223
VSL-00252,Romero-Jackson Event,1582020,2016,Container,"Anderson, Hanson and Ross",25553083.24,2022-08-16,2023-03-31,92099.99,95.91,General Cargo,26,14.61,0,0.02,54839.47,-28.345726,89.681578
VSL-00253,"Bowen, Jarvis and Burns Memory",8138461,1991,Offshore Support,"Wilson, Gibson and Schmidt",131494643.32,2024-07-11,2024-10-20,263807.92,359.23,General Cargo,15,33.63,2,0.05,307210.94,-19.23547,-105.676924
VSL-00254,"Reid, Walters and Rose Southern",6629806,1995,Tanker,"Lopez, Lee and Valdez",39090367.91,2025-08-27,2026-05-05,145217.79,91.89,General Cargo,23,14.29,3,0.05,83766.75,-50.058738,149.270373
VSL-00255,Fuentes Inc Nearly,9805272,2017,Chemical Tanker,West and Sons,85525409.45,2023-12-07,2024-10-27,253528.17,148.27,Liquified Gas,12,31.9,2,0.05,198333.42,6.617841,-83.30808
VSL-00256,Miller-Evans Entire,3043320,2010,RoRo,Sanders-Mcdonald,127830346.56,2025-07-26,2026-04-30,195748.65,183.06,Oil,32,30.33,5,0.1,294431.64,39.065774,113.256795
VSL-00257,"Weber, Edwards and Foster Speak",3824098,2014,Chemical Tanker,Roberts Ltd,127604861.88,2023-09-24,2024-03-10,244047.34,332.42,General Cargo,21,6.81,4,0.05,263899.61,-18.904444,-163.949288
VSL-00258,Yates Ltd Foot,5387013,2023,Offshore Support,"Newton, Velez and Woods",89527845.84,2023-09-23,2024-05-26,246243.58,312.42,Chemicals,27,29.81,4,0.1,205743.94,-40.111184,-112.754779
VSL-00259,Robinson-Watkins Whom,9819151,2012,Chemical Tanker,Schwartz LLC,17175892.63,2021-06-14,2021-07-28,214564.26,256.68,Containers,44,18.73,5,0.05,37568.83,27.576943,-49.371565
VSL-00260,"Boone, Moore and Hicks Expert",8635084,1994,General Cargo,Lee Ltd,33040723.25,2022-03-21,2023-02-04,33170.23,340.41,Containers,36,23.41,1,0.05,73816.28,0.145188,81.240818
VSL-00261,"Vasquez, Walker and Chavez Position",5120768,2013,Chemical Tanker,Ochoa-Berry,104680792.79,2021-02-10,2022-02-02,169591.89,288.31,General Cargo,38,7.06,1,0.05,216752.05,-51.860757,154.480292
VSL-00262,Hammond PLC Energy,1185642,1978,LNG Carrier,Wilson Ltd,42408163.57,2021-08-03,2021-10-04,160102.39,332.53,Liquified Gas,28,32.29,2,0.05,98509.92,-52.712154,-174.242189
VSL-00263,Contreras PLC Cover,7116057,2018,Bulk Carrier,Miranda-Fernandez,86445487.1,2022-10-21,2023-07-11,61290.34,199.99,General Cargo,8,8.87,5,0.02,180558.69,16.514882,10.83047
VSL-00264,Gallagher and Sons Owner,8763449,1994,General Cargo,Blackwell-Thompson,170285478.96,2021-09-11,2022-04-22,124580.89,338.71,Chemicals,12,7.57,1,0.01,353461.57,-7.737971,-63.233977
VSL-00265,Allen-Brown Someone,9998457,1989,Container,Phillips LLC,199360676.74,2023-08-15,2023-10-07,235174.31,88.2,Chemicals,41,52.25,5,0.02,502887.31,50.593878,105.349932
VSL-00266,Phillips Ltd Road,5785303,2020,General Cargo,Hancock-Espinoza,33796007.99,2025-06-11,2026-05-27,1488.09,85.0,Liquified Gas,48,23.82,0,0.01,75642.23,-47.608427,36.898092
VSL-00267,Williams Inc Finish,6263567,2014,Bulk Carrier,Moore LLC,39357630.63,2020-12-22,2021-04-23,293596.25,168.67,Liquified Gas,34,22.64,2,0.01,87625.83,43.86855,169.091126
VSL-00268,Thomas PLC Next,5760766,2003,General Cargo,Hernandez-Harris,151855429.14,2025-05-03,2025-06-15,256482.47,293.83,Chemicals,18,7.09,1,0.1,314477.41,43.554917,-128.675533
VSL-00269,"Alexander, Houston and Hoffman Physical",4756089,1971,Chemical Tanker,"Sanford, Ortiz and Huang",197593404.64,2023-08-01,2023-12-08,252203.55,155.88,Liquified Gas,13,10.46,3,0.01,415855.08,-3.71776,-144.015847
VSL-00270,"Ingram, Sullivan and Bailey Senior",4154171,1996,General Cargo,Nunez Group,198139047.32,2022-07-08,2022-10-28,93396.09,100.81,Liquified Gas,38,3.12,3,0.01,402460.03,10.248804,-100.689353
VSL-00271,Foster Group Lay,4199531,1998,General Cargo,Johnson Ltd,13556320.8,2024-04-01,2025-02-05,96039.63,366.09,General Cargo,18,8.06,1,0.02,28205.28,-23.843769,8.343418
VSL-00272,Morgan Inc Answer,4222637,2020,Chemical Tanker,Robertson Inc,109984002.65,2021-04-19,2021-07-19,131849.97,243.7,General Cargo,11,2.71,0,0.1,222948.57,17.113149,-30.16743
VSL-00273,Noble-Ramos Despite,6980148,2002,RoRo,"Williams, Lopez and Watts",143600692.13,2025-09-02,2026-02-01,16374.19,285.34,Dry Bulk,1,25.79,1,0.1,324236.0,4.280374,-76.9212
VSL-00274,Goodwin-Walker Realize,8647758,2023,RoRo,Richards Group,43041390.2,2024-03-25,2025-02-07,45888.92,256.56,Dry Bulk,33,45.08,3,0.05,105485.84,-15.522498,103.289921
VSL-00275,"Smith, Nunez and Black Seven",3753357,1996,Offshore Support,Flores and Sons,27066743.48,2021-03-15,2021-12-03,263062.62,299.11,General Cargo,8,6.75,2,0.05,55960.49,47.330874,-15.085864
VSL-00276,"Miller, Hunt and Bennett Open",1391095,2007,Container,Schroeder-Schneider,6920332.51,2021-01-25,2021-08-29,199274.44,97.92,Dry Bulk,24,3.67,3,0.02,14094.64,0.688421,-118.675018
VSL-00277,Harris and Sons Believe,5731639,2001,General Cargo,Davis Group,72839078.2,2024-11-27,2025-10-21,206140.12,179.62,Oil,43,12.95,5,0.05,155110.82,-26.164181,-47.265666
VSL-00278,"King, Miller and Moore Dream",3734691,1970,Bulk Carrier,Zhang-Bowen,94325339.78,2023-08-28,2024-05-16,8143.78,309.91,Containers,50,45.64,0,0.02,231700.76,45.596134,-140.957275
VSL-00279,"York, Boyd and Brock Face",2315209,1991,General Cargo,Oneal-Ayers,113299551.06,2022-08-21,2023-03-13,74104.7,100.72,Dry Bulk,30,7.21,3,0.05,234768.0,46.224843,39.166791
VSL-00280,Gray-Hopkins Up,9816982,2012,Offshore Support,Green Ltd,191299697.22,2024-08-06,2024-12-16,164988.85,264.06,Chemicals,48,16.59,0,0.01,414336.01,26.437127,-106.74028
VSL-00281,"Greer, Holmes and Smith Focus",2555374,1977,Chemical Tanker,"Gutierrez, Bridges and Conner",193871624.27,2021-07-17,2021-11-06,14632.13,182.31,Oil,33,33.15,0,0.1,452011.69,48.798453,131.623713
VSL-00282,"Russell, Brown and Sanchez Six",2401673,1979,Offshore Support,"Potter, Nelson and Acevedo",174338046.16,2023-02-13,2024-01-12,136694.32,268.22,Oil,46,19.87,2,0.05,383317.06,-40.147159,128.280638
VSL-00283,Howard PLC Especially,4909355,1972,General Cargo,"Avila, Reyes and Perez",109109700.29,2021-03-26,2021-06-17,291257.6,234.17,General Cargo,5,34.93,1,0.1,256331.42,-14.638171,-110.167064
VSL-00284,"Brown, Harris and Swanson Industry",1090922,2003,Tanker,"Macias, Hull and Gutierrez",88934401.86,2021-07-22,2022-03-15,82423.11,206.85,Oil,46,22.68,2,0.05,198039.13,32.364248,40.938331
VSL-00285,Curtis Ltd Represent,2787099,2017,LNG Carrier,Taylor-Simpson,162003751.78,2023-08-21,2023-10-08,218668.67,207.48,Chemicals,48,21.17,1,0.02,358303.7,3.846087,-76.092324
VSL-00286,"Hernandez, Harris and Mathews Evidence",8429912,1985,Container,"Johnson, Daniel and Johnson",165159077.67,2025-02-14,2025-04-16,296340.84,117.02,General Cargo,31,16.09,5,0.1,356892.25,5.042859,133.571565
VSL-00287,Williams-Adams Reflect,2362691,2002,Container,Bishop Inc,24665165.57,2025-05-12,2026-02-24,90508.14,346.42,Chemicals,34,42.12,0,0.01,59719.3,20.883698,-97.57681
VSL-00288,Thompson-Rangel Similar,5045777,1984,Bulk Carrier,"Sharp, Mays and Serrano",52730220.59,2022-12-09,2023-06-06,265925.87,89.42,Chemicals,10,19.22,2,0.01,115595.19,11.03842,-93.96304
VSL-00289,King-Morris Near,3512184,1994,Tanker,"Green, Rosario and Riddle",2630455.24,2021-01-16,2021-11-06,167298.72,349.4,Containers,31,31.75,5,0.01,6096.08,21.938041,-120.061054
VSL-00290,Baker-Anderson Eat,1045494,1994,Container,"Kim, Watkins and Cox",175628375.62,2023-10-03,2024-04-19,285231.1,172.89,Liquified Gas,36,9.41,1,0.05,367783.38,-9.300557,157.337434
VSL-00291,Juarez-Romero Brother,1859648,2003,LNG Carrier,Boyd Group,95962536.22,2022-03-17,2023-01-25,285726.12,286.55,Liquified Gas,7,17.14,0,0.01,208373.05,-29.726479,-18.712262
VSL-00292,Hernandez LLC Hold,9182867,2022,Container,Reyes and Sons,50524634.51,2025-04-03,2026-03-02,252019.97,165.19,Chemicals,7,9.83,0,0.1,106015.84,33.615771,160.956286
VSL-00293,Flynn-Brown Indeed,3674321,2017,Bulk Carrier,Doyle-Pope,171142724.73,2022-06-28,2023-01-04,158894.11,198.77,Liquified Gas,34,11.28,3,0.02,361590.35,-44.381619,-61.026692
VSL-00294,Swanson-Morales Above,6799808,1970,Offshore Support,Johnson-Chang,130745188.02,2022-05-29,2022-06-29,108309.16,235.98,Chemicals,3,12.7,5,0.05,278095.01,-53.169646,-70.360605
VSL-00295,Dickerson LLC Assume,9286750,1994,Bulk Carrier,Ross PLC,124885020.82,2023-10-20,2024-09-22,146083.56,301.5,Liquified Gas,22,30.82,4,0.05,288259.61,-11.367466,-109.429648
VSL-00296,Lopez Inc Rich,5555842,1988,Container,Mendoza-Davis,42100009.72,2025-08-30,2026-04-08,141156.15,273.5,Chemicals,2,27.01,2,0.01,95571.23,18.373664,131.639305
VSL-00297,"Bush, Murphy and Johns Where",7282712,1978,Offshore Support,Williams-Hart,4803991.9,2023-07-26,2024-01-13,67355.91,278.16,Chemicals,0,9.01,5,0.02,10040.82,-59.77684,-145.365699
VSL-00298,Colon PLC Own,1367429,1993,RoRo,Garcia Ltd,178824904.15,2023-06-30,2024-02-16,255915.67,147.15,Chemicals,0,23.27,4,0.05,399262.36,-10.926221,-127.7159
VSL-00299,"Ford, Jones and Castillo In",7308707,2011,Tanker,Singh and Sons,119369980.27,2022-04-04,2022-11-26,264143.19,57.71,Liquified Gas,30,35.31,1,0.01,280889.5,-58.111184,-72.359733
VSL-00300,Garner-Santos Into,3873465,1983,General Cargo,Berry Group,114117450.74,2022-07-10,2022-11-08,54594.73,325.26,Containers,6,27.89,5,0.01,260062.26,38.497908,-155.484487
